{
  "main": {
    "id": "1687f12f8c8ac3ea",
    "type": "split",
    "children": [
      {
        "id": "5fbcf355ff116001",
        "type": "tabs",
        "children": [
          {
            "id": "e0dd96c80ad39e2e",
            "type": "leaf",
            "state": {
              "type": "markdown",
              "state": {
                "file": "06_File_Structure.md",
                "mode": "source",
                "source": false
              },
              "icon": "lucide-file",
              "title": "06_File_Structure"
            }
          },
          {
            "id": "4c9ed22d872545ae",
            "type": "leaf",
            "state": {
              "type": "markdown",
              "state": {
                "file": "06_File_Structure.md",
                "mode": "source",
                "source": false
              },
              "icon": "lucide-file",
              "title": "06_File_Structure"
            }
          }
        ],
        "currentTab": 1
      }
    ],
    "direction": "vertical"
  },
  "left": {
    "id": "1ce8fc411d830195",
    "type": "split",
    "children": [
      {
        "id": "5fdea92e52e78b33",
        "type": "tabs",
        "children": [
          {
            "id": "ca11cb75e74e2b76",
            "type": "leaf",
            "state": {
              "type": "file-explorer",
              "state": {
                "sortOrder": "alphabetical",
                "autoReveal": false
              },
              "icon": "lucide-folder-closed",
              "title": "Files"
            }
          },
          {
            "id": "dc0cd5ad92604f43",
            "type": "leaf",
            "state": {
              "type": "search",
              "state": {
                "query": "",
                "matchingCase": false,
                "explainSearch": false,
                "collapseAll": false,
                "extraContext": false,
                "sortOrder": "alphabetical"
              },
              "icon": "lucide-search",
              "title": "Search"
            }
          },
          {
            "id": "86d85bf0a9283a7e",
            "type": "leaf",
            "state": {
              "type": "bookmarks",
              "state": {},
              "icon": "lucide-bookmark",
              "title": "Bookmarks"
            }
          }
        ]
      }
    ],
    "direction": "horizontal",
    "width": 300
  },
  "right": {
    "id": "8c6e3151f51b05b8",
    "type": "split",
    "children": [
      {
        "id": "82eaae7664b6a136",
        "type": "tabs",
        "children": [
          {
            "id": "eceb905ad86d16c4",
            "type": "leaf",
            "state": {
              "type": "backlink",
              "state": {
                "file": "06_File_Structure.md",
                "collapseAll": false,
                "extraContext": false,
                "sortOrder": "alphabetical",
                "showSearch": false,
                "searchQuery": "",
                "backlinkCollapsed": false,
                "unlinkedCollapsed": true
              },
              "icon": "links-coming-in",
              "title": "Backlinks for 06_File_Structure"
            }
          },
          {
            "id": "ca8c0aec71a68894",
            "type": "leaf",
            "state": {
              "type": "outgoing-link",
              "state": {
                "file": "06_File_Structure.md",
                "linksCollapsed": false,
                "unlinkedCollapsed": true
              },
              "icon": "links-going-out",
              "title": "Outgoing links from 06_File_Structure"
            }
          },
          {
            "id": "319c03120da8f57e",
            "type": "leaf",
            "state": {
              "type": "tag",
              "state": {
                "sortOrder": "frequency",
                "useHierarchy": true,
                "showSearch": false,
                "searchQuery": ""
              },
              "icon": "lucide-tags",
              "title": "Tags"
            }
          },
          {
            "id": "a1ed4dccc3416884",
            "type": "leaf",
            "state": {
              "type": "outline",
              "state": {
                "file": "06_File_Structure.md",
                "followCursor": false,
                "showSearch": false,
                "searchQuery": ""
              },
              "icon": "lucide-list",
              "title": "Outline of 06_File_Structure"
            }
          }
        ]
      }
    ],
    "direction": "horizontal",
    "width": 300,
    "collapsed": true
  },
  "left-ribbon": {
    "hiddenItems": {
      "switcher:Open quick switcher": false,
      "graph:Open graph view": false,
      "canvas:Create new canvas": false,
      "daily-notes:Open today's daily note": false,
      "templates:Insert template": false,
      "command-palette:Open command palette": false,
      "bases:Create new base": false
    }
  },
  "active": "4c9ed22d872545ae",
  "lastOpenFiles": [
    "Mobile Automation Testing/flows/auth/login-valid.yaml",
    "Mobile Automation Testing/tests/regression/login-technician1.yaml",
    "Mobile Automation Testing/flows/common/login.yaml",
    "new-workspace/Static_Work_Flow/Work_Request/Threshold_Straight_Line.yaml",
    "new-workspace/Static_Work_Flow/Work_Request",
    "new-workspace/Static_Work_Flow",
    "new-workspace",
    "Mobile Automation Testing/flows/client-specific",
    "Mobile Automation Testing/flows/conditional",
    "Mobile Automation Testing/flows/form-fields",
    "Mobile Automation Testing/flows/meter-reading",
    "Mobile Automation Testing/README.md",
    "Untitled.md",
    "06_File_Structure.md",
    "07_System_Flow_Diagram.md",
    "08_Work_Request_Threshold_Flow.md",
    "README.md",
    "Conditional Flow Diagram .jpg",
    "Conditional.md"
  ]
}